{
    "seo": {
        "title": "Дионис - заборы в Твери",
        "description": "Монтаж заборов в Твери и Тверской области",
        "openGraph": {
            "images": [
                "/images/Logo.png"
            ],
            "title": "Дионис - заборы в Твери",
            "description": "Строительство и монтаж ограждений в Твери"
        }
    },
    "globals": {
        "header": {
            "yaLink": "https://ya.ru",
            "yaText": "Оставьте Вашу оценку в Яндексе",
            "logo": "/images/Logo.png",
            "logoDescription": "Строительство и монтаж ограждений в Твери",
            "phoneNumber": "+7 995 692-15-14",
            "phoneLink": "+79959621514",
            "phoneDescription": "прием заявок с 8 до 20",
            "links": [
                {
                    "link": "/#about",
                    "name": "О нас",
                    "id": "1"
                },
                {
                    "name": "Услуги",
                    "id": "services",
                    "dropdown": [
                        {
                            "link": "/gates",
                            "name": "Ворота ",
                            "id": "gates"
                        },
                        {
                            "link": "/fences",
                            "name": "Заборы",
                            "id": "fences"
                        }
                    ]
                },
                {
                    "link": "/#potrfolio",
                    "name": "Наши работы",
                    "id": "potrfolio"
                },
                {
                    "link": "/#contacts",
                    "name": "Контакты",
                    "id": "contacts"
                }
            ]
        },
        "breadcrumbs": [
            {
                "path": "Главная",
                "link": "/"
            },
            {
                "path": "Политика обработки персональных данных"
            }
        ],
        "error": {
            "statusCode": "404",
            "title": "Такой страницы у нас нет",
            "links": [
                {
                    "href": "/",
                    "name": "Перейти на главную"
                },
                {
                    "href": "/fences/",
                    "name": "Перейти в каталог"
                }
            ]
        },
        "footer": {
            "contacts": {
                "description": "Оставьте свою заявку или позвоните и наши специалисты ответят на любые вопросы",
                "chart": "прием заявок с 8 до 20",
                "contacts": {
                    "phone": {
                        "text": "+7 995 692-15-14",
                        "link": "+79956921514"
                    },
                    "telegram": {
                        "name": "Zabor69Vorotov"
                    },
                    "location": {
                        "text": "г. Тверь, Тверской проспект, д. 69"
                    }
                }
            },
            "services": {
                "title": "Наши услуги",
                "services": [
                    {
                        "name": "Заборы",
                        "link": "/fences"
                    },
                    {
                        "name": "Ворота",
                        "link": "/gates"
                    }
                ]
            },
            "info": {
                "title": "Информация о компании",
                "info": [
                    {
                        "name": "ДИОНИС"
                    },
                    {
                        "name": "ИНН:",
                        "content": "122123123312312312"
                    },
                    {
                        "name": "ОГРН:",
                        "content": "12123123123123"
                    }
                ]
            },
            "policy": {
                "text": "Политика обработки персональных данных",
                "link": "/policy/"
            },
            "warning": "Внимание! Цвет продукции может отличаться от изображения на сайте ввиду особенностей цветопередачи монитора и восприятия. Сайт www.yourwebsite.ru носит исключительно информационный характер и ни при каких условиях не является публичной офертой, определяемой положениями ГК РФ. Для получения подробной информации о наличии, видах, характеристиках и стоимости материалов, пожалуйста, обращайтесь к нашим специалистам."
        }
    },
    "content": {
        "title": "Политика в отношении обработки персональных данных",
        "clause": [
            {
                "name": "Общие положения",
                "text": "Настоящая политика обработки персональных данных составлена в соответствии с требованиями Федерального закона от 27.07.2006. № 152-ФЗ «О персональных данных» (далее — Закон о персональных данных) и определяет порядок обработки персональных данных и меры по обеспечению безопасности персональных данных, предпринимаемые <strong>ООО «ДИОНИС»</strong> (далее — Оператор).",
                "subСlause": [
                    "Оператор ставит своей важнейшей целью и условием осуществления своей деятельности соблюдение прав и свобод человека и гражданина при обработке его персональных данных, в том числе защиты прав на неприкосновенность частной жизни, личную и семейную тайну.",
                    "Настоящая политика Оператора в отношении обработки персональных данных (далее — Политика) применяется ко всей информации, которую Оператор может получить о посетителях веб-сайта <srtong>https://website.ru.</strong>"
                ]
            },
            {
                "name": "Основные понятия, используемые в Политике",
                "subСlause": [
                    "Автоматизированная обработка персональных данных — обработка персональных данных с помощью средств вычислительной техники.",
                    "Блокирование персональных данных — временное прекращение обработки персональных данных (за исключением случаев, если обработка необходима для уточнения персональных данных).",
                    "Веб-сайт — совокупность графических и информационных материалов, а также программ для ЭВМ и баз данных, обеспечивающих их доступность в сети интернет по сетевому адресу https://website.ru.",
                    "Информационная система персональных данных — совокупность содержащихся в базах данных персональных данных и обеспечивающих их обработку информационных технологий и технических средств.",
                    "Обезличивание персональных данных — действия, в результате которых невозможно определить без использования дополнительной информации принадлежность персональных данных конкретному Пользователю или иному субъекту персональных данных.",
                    "Обработка персональных данных — любое действие (операция) или совокупность действий (операций), совершаемых с использованием средств автоматизации или без использования таких средств с персональными данными, включая сбор, запись, систематизацию, накопление, хранение, уточнение (обновление, изменение), извлечение, использование, передачу (распространение, предоставление, доступ), обезличивание, блокирование, удаление, уничтожение персональных данных.",
                    "Оператор — государственный орган, муниципальный орган, юридическое или физическое лицо, самостоятельно или совместно с другими лицами организующие и/или осуществляющие обработку персональных данных, а также определяющие цели обработки персональных данных, состав персональных данных, подлежащих обработке, действия (операции), совершаемые с персональными данными.",
                    "Персональные данные — любая информация, относящаяся прямо или косвенно к определенному или определяемому Пользователю веб-сайта https://website.ru.",
                    "Персональные данные, разрешенные субъектом персональных данных для распространения, — персональные данные, доступ неограниченного круга лиц к которым предоставлен субъектом персональных данных путем дачи согласия на обработку персональных данных, разрешенных субъектом персональных данных для распространения в порядке, предусмотренном Законом о персональных данных (далее — персональные данные, разрешенные для распространения).",
                    "Пользователь — любой посетитель веб-сайта https://website.ru.",
                    "Предоставление персональных данных — действия, направленные на раскрытие персональных данных определенному лицу или определенному кругу лиц.",
                    "Распространение персональных данных — любые действия, направленные на раскрытие персональных данных неопределенному кругу лиц (передача персональных данных) или на ознакомление с персональными данными неограниченного круга лиц, в том числе обнародование персональных данных в средствах массовой информации, размещение в информационно-телекоммуникационных сетях или предоставление доступа к персональным данным каким-либо иным способом.",
                    "Трансграничная передача персональных данных — передача персональных данных на территорию иностранного государства органу власти иностранного государства, иностранному физическому или иностранному юридическому лицу.",
                    "Уничтожение персональных данных — любые действия, в результате которых персональные данные уничтожаются безвозвратно с невозможностью дальнейшего восстановления содержания персональных данных в информационной системе персональных данных и/или уничтожаются материальные носители персональных данных."
                ]
            }
        ]
    }
}