{
    "seo": {
        "title": "Дионис - заборы в Твери",
        "description": "Монтаж заборов в Твери и Тверской области",
        "openGraph": {
            "images": [
                "/images/Logo.png"
            ],
            "title": "Дионис - заборы в Твери",
            "description": "Строительство и монтаж ограждений в Твери"
        }
    },
    "globals": {
        "header": {
            "yaLink": "https://ya.ru",
            "yaText": "Оставьте Вашу оценку в Яндексе",
            "logo": "/images/Logo.png",
            "logoDescription": "Строительство и монтаж ограждений в Твери",
            "phoneNumber": "+7 995 692-15-14",
            "phoneLink": "+79959621514",
            "phoneDescription": "прием заявок с 8 до 20",
            "links": [
                {
                    "link": "/#about",
                    "name": "О нас",
                    "id": "1"
                },
                {
                    "name": "Услуги",
                    "id": "services",
                    "dropdown": [
                        {
                            "link": "/gates",
                            "name": "Ворота ",
                            "id": "gates"
                        },
                        {
                            "link": "/fences",
                            "name": "Заборы",
                            "id": "fences"
                        }
                    ]
                },
                {
                    "link": "/#potrfolio",
                    "name": "Наши работы",
                    "id": "potrfolio"
                },
                {
                    "link": "/#contacts",
                    "name": "Контакты",
                    "id": "contacts"
                }
            ]
        },
        "error": {
            "statusCode": "404",
            "title": "Такой страницы у нас нет",
            "links": [
                {
                    "href": "/",
                    "name": "Перейти на главную"
                },
                {
                    "href": "/fences/",
                    "name": "Перейти в каталог"
                }
            ]
        },
        "footer": {
            "contacts": {
                "description": "Оставьте свою заявку или позвоните и наши специалисты ответят на любые вопросы",
                "chart": "прием заявок с 8 до 20",
                "contacts": {
                    "phone": {
                        "text": "+7 995 692-15-14",
                        "link": "+79956921514"
                    },
                    "telegram": {
                        "name": "Zabor69Vorotov"
                    },
                    "location": {
                        "text": "г. Тверь, Тверской проспект, д. 69"
                    }
                }
            },
            "services": {
                "title": "Наши услуги",
                "services": [
                    {
                        "name": "Заборы",
                        "link": "/fences"
                    },
                    {
                        "name": "Ворота",
                        "link": "/gates"
                    }
                ]
            },
            "info": {
                "title": "Информация о компании",
                "info": [
                    {
                        "name": "ДИОНИС"
                    },
                    {
                        "name": "ИНН:",
                        "content": "122123123312312312"
                    },
                    {
                        "name": "ОГРН:",
                        "content": "12123123123123"
                    }
                ]
            },
            "policy": {
                "text": "Политика обработки персональных данных",
                "link": "/policy/"
            },
            "warning": "Внимание! Цвет продукции может отличаться от изображения на сайте ввиду особенностей цветопередачи монитора и восприятия. Сайт www.yourwebsite.ru носит исключительно информационный характер и ни при каких условиях не является публичной офертой, определяемой положениями ГК РФ. Для получения подробной информации о наличии, видах, характеристиках и стоимости материалов, пожалуйста, обращайтесь к нашим специалистам."
        }
    },
    "content": {
        "openedComponent": {
            "prequel": "в Твери и Тверской области",
            "title": "СТРОИМ НАДЕЖНЫЕ ЗАБОРЫ ПОД КЛЮЧ",
            "description": "Мы предлагаем надежные и качественные решения, которые обеспечат вашу <strong>безопасность и конфиденциальность.</strong><br/>Если вы хотите получить профессиональную консультацию и оценку работ, нажмите на кнопку.",
            "btn": {
                "type": "withImage",
                "content": "вызвать замерщика",
                "func": {
                    "name": "Modal",
                    "type": "form"
                }
            }
        },
        "About": {
            "blockId": "about",
            "title": "Дионис — строительство и монтаж ограждений в Твери",
            "description": "Компания «Дионис» работает на рынке с 0000 года<br/> За это время на участках тверичей и жителей области были установлены<br/> <strong>более 0000 заборов и других металлоконструкций </strong>",
            "items": [
                {
                    "image": "/images/pngwing4.png",
                    "text": "Работаем по договору, в котором<br/> фиксируем цену"
                },
                {
                    "image": "/images/pngwing8.png",
                    "text": "Используем только<br/> качественные материалы"
                },
                {
                    "image": "/images/pngwing5.png",
                    "text": "Кратчайшие сроки<br/> монтажа заборов"
                },
                {
                    "image": "/images/pngwing6.png",
                    "text": "Бригада мастеров в<br/> штате"
                }
            ]
        },
        "Category": {
            "blockId": "category",
            "title": "Установка заборов и ворот",
            "subtitle": "в Твери",
            "items": [
                {
                    "text": "",
                    "image": "/images/category1.jpg",
                    "id": "gates",
                    "link": "/gates",
                    "title": "Ворота",
                    "textToModal": "Вызвать замерщика",
                    "btn": {
                        "content": "перейти в каталог",
                        "type": "full",
                        "link": "/gates"
                    }
                },
                {
                    "text": "",
                    "image": "/images/category2.png",
                    "id": "fences",
                    "link": "/fences",
                    "title": "Заборы",
                    "textToModal": "Вызвать замерщика",
                    "btn": {
                        "content": "перейти в каталог",
                        "type": "full",
                        "link": "/fences"
                    }
                }
            ]
        },
        "BannerAbout": {
            "title": "Мы — компания <strong>ДИОНИС</strong>",
            "text": "<p>Компания Дионис специализируется на предоставлении профессиональных услуг по установке заборов и ворот в городе Тверь и его окрестностях. Мы имеем богатый опыт работы в данной сфере и гарантируем высокий уровень профессионализма и качества наших услуг.</p><p>Наша команда состоит из опытных специалистов, которые обладают глубокими знаниями и навыками в области установки заборов и ворот. Мы тщательно подходим к каждому проекту, учитывая все требования и пожелания клиента, чтобы достичь наилучшего результата. Наши услуги включают полный цикл работ: от консультации и проектирования до монтажа и последующего обслуживания. </p>",
            "image": "/images/BannerAbout.png",
            "alt": "картинка на баннере"
        },
        "Reviews": {
            "title": "Отзывы о нас",
            "description": "Как у любой опытной компании, у нас есть положительные и отрицательные отзывы - <strong>мы ничего от вас не скрываем</strong>",
            "reviews": [
                {
                    "id": "1",
                    "text": "Я хотел бы поделиться своим положительным опытом работы с компанией, занимающейся установкой заборов и ворот. С самого начала нашего общения, сотрудники компании проявили профессионализм и отзывчивость. Они выслушали все наши требования и предоставили полезную информацию о различных типах заборов и ворот. Установка была выполнена вовремя и качественно, с большим вниманием к деталям. Качество материалов, которые использовала компания, превзошло наши ожидания. В целом, я очень доволен работой этой компании и рекомендую ее всем, кто ищет надежного партнера для установки заборов и ворот.",
                    "name": "Имя Фамилия",
                    "photo": "/images/women.png"
                },
                {
                    "id": "2",
                    "text": "Lorem ipsum dolor sit amet, consectetur adipiscing elit. Aenean gravida tempor nisl hendrerit efficitur. Aliquam consequat ex arcu, vel vulputate nisi faucibus eu. Morbi ornare cursus odio, id auctor ante efficitur vel. Nunc ac venenatis libero, ac ultrices nunc. Maecenas sed sem nec ligula cursus tincidunt in a tellus. Vivamus turpis ante, tincidunt et enim et, viverra posuere massa. Maecenas aliquet sem at turpis gravida interdum. Pellentesque semper nisl quis turpis accumsan mattis. Orci varius natoque penatibus et magnis dis parturient montes, nascetur ridiculus mus. Sed condimentum, neque eget aliquam tempor, turpis tortor facilisis orci, a gravida nunc dui id lectus. Suspendisse vehicula ante sit amet egestas laoreet. Suspendisse ornare turpis vitae ipsum lacinia fermentum. Phasellus tellus quam, mattis quis fringilla in, tempor quis ex. Vivamus maximus pellentesque ante at feugiat. Donec vitae sem a turpis finibus facilisis. ",
                    "name": "Имя Фамилия",
                    "photo": "/images/women.png"
                }
            ]
        },
        "Steps": {
            "title": "От идеи до реализации",
            "subtitle": "4 шага к идеальному забору",
            "steps": [
                {
                    "title": "Оставьте заявку",
                    "subtitle": "Вы можете оставить заявку на сайте или позвонить нам по номеру телефона +7 995 692-15-14"
                },
                {
                    "title": "Получите предложение и согласуйте детали",
                    "subtitle": "Мы свяжемся с вами для уточнения деталей проекта и предложим описание работ и стоимость."
                },
                {
                    "title": "Производство и монтаж забора",
                    "subtitle": "После вашего согласия начнем производство и монтаж забора."
                },
                {
                    "title": "Гарантия и обслуживание",
                    "subtitle": "Предоставим гарантию на работу и материалы, а также обеспечим обслуживание при необходимости."
                }
            ]
        },
        "portfolioSlider": {
            "id": "potrfolio",
            "title": "Последние наши работы с реальными фото",
            "subtitle": "Посмотрите наши работы по г. Твери и Тверской области",
            "slides": [
                {
                    "image": "/images/category1.jpg",
                    "title": "Забор «Рабица»",
                    "location": "д. Змеёво",
                    "stats": [
                        {
                            "name": "Длина",
                            "plateContent": "24 м"
                        },
                        {
                            "name": "Высота",
                            "plateContent": "2 м"
                        },
                        {
                            "name": "Распашные ворота",
                            "plateContent": "3 м"
                        }
                    ],
                    "text": {
                        "title": "Что было сделано:",
                        "list": [
                            "Изготовление столбов для забора 50х50",
                            "Изготовление распашных ворот 3 м",
                            "Установка столбом методом бутования щебнем",
                            "Установка сетки на хомуты",
                            "Монтаж ворот 3м х 2.0м"
                        ]
                    },
                    "link": {
                        "name": "Перейти в каталог",
                        "href": "/fences/"
                    },
                    "btn": {
                        "content": "ХОЧУ ТАК ЖЕ",
                        "type": "main",
                        "link": "/gates/Zaboryizprofnastila"
                    },
                    "categoryLink": {
                        "link": "/gates",
                        "text": "Перейти в каталог"
                    }
                },
                {
                    "image": "/images/category1.jpg",
                    "title": "Забор из евроштакетиника, калитка",
                    "location": "д. Змеёво",
                    "stats": [
                        {
                            "name": "Длина",
                            "plateContent": "24 м"
                        },
                        {
                            "name": "Высота",
                            "plateContent": "2 м"
                        },
                        {
                            "name": "Распашные ворота",
                            "plateContent": "3 м"
                        }
                    ],
                    "text": {
                        "title": "Что было сделано:",
                        "list": [
                            "Изготовление столбов для забора 50х50",
                            "Изготовление распашных ворот 3 м",
                            "Установка столбом методом бутования щебнем",
                            "Установка сетки на хомуты",
                            "Монтаж ворот 3м х 2.0м"
                        ]
                    },
                    "link": {
                        "name": "Перейти в каталог",
                        "href": "/fences/"
                    },
                    "btn": {
                        "content": "ХОЧУ ТАК ЖЕ",
                        "type": "main",
                        "link": "/fences/Zaboryizprofnastila1"
                    },
                    "categoryLink": {
                        "link": "/fences",
                        "text": "Перейти в каталог"
                    }
                },
                {
                    "image": "/images/category1.jpg",
                    "title": "Забор из 3Д сетки",
                    "location": "д. Змеёво",
                    "stats": [
                        {
                            "name": "Длина",
                            "plateContent": "24 м"
                        },
                        {
                            "name": "Высота",
                            "plateContent": "2 м"
                        },
                        {
                            "name": "Распашные ворота",
                            "plateContent": "3 м"
                        }
                    ],
                    "text": {
                        "title": "Что было сделано:",
                        "list": [
                            "Изготовление столбов для забора 50х50",
                            "Изготовление распашных ворот 3 м",
                            "Установка столбом методом бутования щебнем",
                            "Установка сетки на хомуты",
                            "Монтаж ворот 3м х 2.0м",
                            "Изготовление распашных ворот 3 м ",
                            "Установка столбом методом бутования щебнем ",
                            "Установка сетки на хомуты ",
                            "Монтаж ворот 3м х 2.0м "
                        ]
                    },
                    "link": {
                        "name": "Перейти в каталог",
                        "href": "/fences/"
                    },
                    "btn": {
                        "content": "ХОЧУ ТАК ЖЕ",
                        "type": "main",
                        "link": "/gates"
                    }
                }
            ]
        },
        "Form": {
            "title": "Свяжитесь с нами или отправьте заявку и мы поможем с выбором и рассчитаем стоимость по телефону уже через 5 минут",
            "subtitle": "<span>Заполните форму<span> - мы перезвоним в течении 5 минут и проконсультируем Вас по всем вопросам ",
            "chart": "прием заявок с 8 до 20",
            "categoryes": [
                "Заборы",
                "Ворота",
                "Монтаж под ключ",
                "Навесы",
                "3D заборы",
                "Калитки",
                "Заборы из поликарбоната",
                "Заборы для дачи",
                "Заборы из евроштакетника",
                "Кирпичные заборы",
                "Сварные заборы",
                "Кованые заборы"
            ],
            "fields": {
                "name": true,
                "phone": true,
                "email": false,
                "anyLink": false,
                "textarea": true
            },
            "btn": {
                "type": "main",
                "content": "Получить консультацию"
            }
        },
        "FAQ": {
            "title": "Частые вопросы",
            "questions": [
                {
                    "name": "Во сколько мне обойдется установка забора в вашей компании?",
                    "text": "<p>Мы предлагаем широкий ассортимент материалов для заборов, включая дерево, металл, камень и пластик. Каждый из этих материалов имеет свои особенности и стоимость, которая может варьироваться в зависимости от выбранного вами варианта.</p><p>Кроме того, сложность работ также оказывает влияние на окончательную стоимость. Если ваш участок имеет неровный рельеф или требует дополнительных строительных работ, это может повлиять на общую цену.</p><p>Чтобы получить более точную оценку стоимости установки забора на вашем участке, рекомендуем связаться с нами напрямую или заполнить форму на нашем веб-сайте, чтобы наши специалисты могли проанализировать ваши требования и предоставить вам индивидуальное предложение.</p>"
                },
                {
                    "name": "Какая гарантия предоставляется на выполненные работы?",
                    "text": "<p>Мы предлагаем широкий ассортимент материалов для заборов, включая дерево, металл, камень и пластик. Каждый из этих материалов имеет свои особенности и стоимость, которая может варьироваться в зависимости от выбранного вами варианта.</p><p>Кроме того, сложность работ также оказывает влияние на окончательную стоимость. Если ваш участок имеет неровный рельеф или требует дополнительных строительных работ, это может повлиять на общую цену.</p><p>Чтобы получить более точную оценку стоимости установки забора на вашем участке, рекомендуем связаться с нами напрямую или заполнить форму на нашем веб-сайте, чтобы наши специалисты могли проанализировать ваши требования и предоставить вам индивидуальное предложение.</p>"
                },
                {
                    "name": "Сколько времени занимает установка забора “под ключ”?",
                    "text": "<p>Мы предлагаем широкий ассортимент материалов для заборов, включая дерево, металл, камень и пластик. Каждый из этих материалов имеет свои особенности и стоимость, которая может варьироваться в зависимости от выбранного вами варианта.</p><p>Кроме того, сложность работ также оказывает влияние на окончательную стоимость. Если ваш участок имеет неровный рельеф или требует дополнительных строительных работ, это может повлиять на общую цену.</p><p>Чтобы получить более точную оценку стоимости установки забора на вашем участке, рекомендуем связаться с нами напрямую или заполнить форму на нашем веб-сайте, чтобы наши специалисты могли проанализировать ваши требования и предоставить вам индивидуальное предложение.</p>"
                },
                {
                    "name": "Оказываете ли вы услуги по демонтажу заборов?",
                    "text": "<p>Мы предлагаем широкий ассортимент материалов для заборов, включая дерево, металл, камень и пластик. Каждый из этих материалов имеет свои особенности и стоимость, которая может варьироваться в зависимости от выбранного вами варианта.</p><p>Кроме того, сложность работ также оказывает влияние на окончательную стоимость. Если ваш участок имеет неровный рельеф или требует дополнительных строительных работ, это может повлиять на общую цену.</p><p>Чтобы получить более точную оценку стоимости установки забора на вашем участке, рекомендуем связаться с нами напрямую или заполнить форму на нашем веб-сайте, чтобы наши специалисты могли проанализировать ваши требования и предоставить вам индивидуальное предложение.</p>"
                },
                {
                    "name": "Какая предоплата за ваши услуги?",
                    "text": "<p>Мы предлагаем широкий ассортимент материалов для заборов, включая дерево, металл, камень и пластик. Каждый из этих материалов имеет свои особенности и стоимость, которая может варьироваться в зависимости от выбранного вами варианта.</p><p>Кроме того, сложность работ также оказывает влияние на окончательную стоимость. Если ваш участок имеет неровный рельеф или требует дополнительных строительных работ, это может повлиять на общую цену.</p><p>Чтобы получить более точную оценку стоимости установки забора на вашем участке, рекомендуем связаться с нами напрямую или заполнить форму на нашем веб-сайте, чтобы наши специалисты могли проанализировать ваши требования и предоставить вам индивидуальное предложение.</p>"
                }
            ]
        },
        "Contacts": {
            "id": "contacts",
            "title": "Наши контакты",
            "yaCoord": [
                61.698653,
                99.505405
            ],
            "text": "Оставьте свою заявку или позвоните и наши специалисты ответят на любые вопросы",
            "contacts": {
                "phoneNumber": "+7 995 692-15-14",
                "telegram": "Zabor69Vorotov",
                "location": "г. Тверь, Тверской проспект, д. 69"
            },
            "chart": "прием заявок с 8 до 20"
        }
    }
}